"fea40707b40d41d69762e26a0d6b1a39","23323","fr",0,-1,1592038820,1594359247,""
"315628eb2bcd4c549a014d5a3aa46bdc","3233","fr",0,-1,1591687259,1594359363,""
"b05b8a70d81f412f9ed2697a54ba1b78","是否重复","fr",1,0,1591754904,1591754909,""
"4d93d30804e7487bb1c70c17a3f37b9c","2122","fr",0,-1,1591755351,1594359250,""
"80ca658a1a80460ca57b75eb958e7c58","test1","fr",0,0,1591757547,1591757547,""
"9cfb92057dd943d094d8bfa5dffe0e87","asasdd","fr",0,-1,1591691574,1594359258,""
"c203dce581b24bfeb287477906603499","test1w","zh",0,-1,1591421903,1591434948,""
"0b9575f967a24406a92e7026c5a4aaeb","1teset","zh",0,-1,1591421978,1594359369,""
"a809a2d9b970425bb059ae504b9fdc0c","teste","zh",0,-1,1591422269,1594359334,""
"fe11dc8796ec43f29db4772f4f53c078","test3","zh",0,-1,1591422742,1594359332,""
"b2404229799a4dfe81af7c5d13604cb6","test33","zh",0,-1,1591434497,1591434622,""
"64750a658402485e9eb2cc39bfdfd15c","test34","zh",0,-1,1591434512,1591434550,""
"206effb9f36746f6b70d36a3b557321c","test30","zh",0,-1,1591435404,1591436234,""
"b03dcbc2b2e84a879ce3c654ebf8faf9","test33","zh",0,-1,1591435530,1591436231,""
"6659fb69f3834f329e6b354e2bd0dd7e","teset30","zh",0,-1,1591436244,1594359373,""
"b3f054af930142cb9c0a1c786cf2bc99","test5","zh",0,-1,1591423871,1594359328,""
"86ff026759784a2e8b3986ee3c46e47c","test","zh",0,-1,1591424283,1594359324,""
"2dc4f9468cea4999972346ebc79d6f97","tesettt","ru",0,-1,1591424314,1594359322,""
"afca39bd508240a59486321c304d3c6d","testesss","zh",0,-1,1591424619,1594359320,""
"3b13f2ed11ae442f8886c1127c9e9128","test6","ru",0,-1,1591425507,1594359371,""
"24ea8cdab36d4ed48dea9a7e1b31a80d","test7","en",0,-1,1591425549,1594359316,""
"34a41f2dd55043158c966edcafe6b694","test8","en",0,-1,1591425717,1594359313,""
"ce4d57d057d742adae14d2f36a279f05","test9","zh",0,-1,1591426003,1594359318,""
"7c39864ff20841f392bc5a51763c64eb","ewewe","zh",0,-1,1591426422,1594359308,""
"ce4e3d028d7e46d39ac97030bcc285ac","test10","zh",0,-1,1591426710,1594359311,""
"fde3f01ce20648fb8a83b4f5e59f3bee","test11","al",0,-1,1591426755,1594359306,""
"34eb3141177647a6bf65ddfc31977bdd","34343","fr",0,0,1591698706,1591754595,""
"6889b75ea03940a7822ea2511af9400b","test12","zh",0,-1,1591426808,1594359305,""
"690fcf29688a4214976e268086ff4722","test13","zh",0,-1,1591426839,1594359303,""
"fe6a0e8f075c4f4290602c02aa05067d","test15","al",0,-1,1591428259,1594359301,""
"f16008d7df1c42c1928b2addd4ae2f7c","test16","fr",0,-1,1591428624,1594359299,""
"7fff0c2b80a845d6a1d35f13544dd02c","test17","zh",0,-1,1591428649,1594359297,""
"394f3d7572864fa986c45cc20dc77a87","test18","zh",0,-1,1591428730,1594359289,""
"013152a75c2b4e17a025d89beae9a721","test19","zh",0,-1,1591429003,1594359293,""
"38071d57291849279514a976e04d61b9","test20","ru",0,-1,1591429093,1594359287,""
"60622f0573c44bf09a17ff8510d78149","twtw","zh",0,-1,1591429429,1594359282,""
"17ce727e6b1e4241b7410b40791c819b","test23","zh",0,-1,1591429482,1594359278,""
"db8d095a2f73466c8ed1654f987bc31f","test25","en",0,-1,1591430062,1594359276,""
"d041e26739e84d2f9dab02063f4e6666","test26","zh",0,-1,1591430201,1594359274,""
"7a7a98c52a2c4d5b993f8c690f0b0f25","test27","zh",0,-1,1591430234,1594359272,""
"349b475e6d8146d7b61d2c790b1bdc74","test28","zh",0,-1,1591430567,1591433767,""
"1a298ec071b242ed95a0f010a169148a","test29","zh",0,-1,1591430939,1594359284,""
"892dd7032d434ba8a884b914f8922032","test30","zh",0,-1,1591431285,1591434969,""
"205e2411a7c549fba347944796dbfc3e","test31","zh",0,-1,1591431302,1591433827,""
"dadeefc124a34c2b98b2e48e9cabd07b","test32","zh",0,-1,1591432076,1591433809,""
"c32660c6ec20486cb3d63585d77ad625","test33","zh",0,-1,1591432094,1591433807,""
"83ef628b74ad43158dbdef402c4d2988","test35","zh",0,-1,1591432298,1591433804,""
"f88e7caeb6d84bfc94399bdd27570c51","test37","zh",0,-1,1591432996,1591433801,""
"420b9a1f317a48ecab001759ac99a465","test38","ru",0,-1,1591433562,1591433793,""
"a767cc5d6b4d40a594da16cf5ec3dd2f","test39","zh",0,-1,1591433622,1591433776,""
"5ef656971ac7484896fd8dc931c47123","test31","zh",0,-1,1591433945,1591434960,""
"ae271df511954d16b0161dc0e7607d31","test32","zh",0,-1,1591433959,1591434912,""
"a9ddf51fdbc5456f9b04696a369372fb","333","fr",0,-1,1592446785,1594359242,""
"23ca979c10c0497eb497a7699884a230","test1","zh",0,-1,1591415207,1591434944,""
"3b78fca782044a1e9b1ff7f7631b4ff5","cikua","fr",1,0,1591684241,1594365842,""
"4d1a6d036456442eb8341c963bac52d1","ceshi","zh",0,-1,1591685258,1594359365,""
"e6b3995e6fb64b2396acebeebcf21096","ceshi","zh",0,-1,1591685593,1594359263,""
"ef76799f1ba643f3b476af502903fd09","tishi","fr",0,-1,1591685642,1594359260,""
"ede6c588a2564cf9af4e88f3fe420272","éèçàôîûâêùöïäëü","fr",0,-1,1592302575,1594359245,""
"3a49ab6b29c2462bb375908a41cd85ab","english","en",1,0,1592643594,1592817925,""
